atomic_number,mass,vdw_volume,sanderson_en,pauling_en,allred_rocow_en,polarizability,ionization_potential,mcgowan_volume,period,bondi_radius
1,1.008,5.575279762570688,2.592,2.2,2.2,0.666793,13.598443,8.71,1,1.2
2,4.002602,11.494040321933852,,,,0.2050522,24.587387,6.75,1,
3,6.94,25.252406587288686,0.67,0.98,0.97,24.33,5.391719,22.23,2,
4,9.012182,15.002474655288227,1.81,1.57,1.47,5.6,9.3227,20.27,2,
5,10.81,29.64778792497513,2.275,2.04,2.01,3.03,8.29802,18.31,2,2.13
6,12.011,20.579526276115534,2.746,2.55,2.5,1.67,11.2603,16.35,2,1.7
7,14.007,15.598531123848922,3.194,3.04,3.07,1.1,14.5341,14.39,2,1.55
8,15.999,14.710226951490485,3.654,3.44,3.5,0.802,13.61805,12.43,2,1.52
9,18.9984032,13.30578842767868,4.0,3.98,4.1,0.557,17.4228,10.47,2,1.47
10,20.1797,15.298567668493963,4.5,,,0.39432,21.56454,8.51,2,
11,22.98976928,48.996626694973415,0.56,0.93,1.01,24.11,5.139076,32.71,3,
12,24.305,21.688370252755973,1.318,1.31,1.23,10.6,7.646235,30.75,3,
13,26.9815386,26.09408533587764,1.714,1.61,1.47,6.8,5.985768,28.79,3,
14,28.085,38.79238608652677,2.138,1.9,1.74,5.53,8.15168,26.83,3,2.1
15,30.973762,24.429024474314232,2.515,2.19,2.06,3.63,10.48669,24.87,3,1.8
16,32.06,24.429024474314232,2.957,2.58,2.44,2.9,10.36001,22.91,3,1.8
17,35.45,22.44929750377706,3.475,3.16,2.83,2.18,12.96763,20.95,3,1.75
18,39.948,27.833136987618392,3.31,,,1.6411,15.75961,18.99,3,
19,39.0983,87.11374629016697,0.445,0.82,0.91,43.06,4.3406633,51.89,4,
20,40.078,51.63266588116713,0.946,1.0,1.04,22.8,6.11316,50.28,4,
21,44.955912,41.62976785149394,1.02,1.36,1.2,17.8,6.56149,48.68,4,
22,47.867,39.349206157239216,1.09,1.54,1.32,14.6,6.82812,47.07,4,
23,50.9415,37.15349259737265,1.39,1.63,1.45,12.4,6.74619,45.47,4,
24,51.9961,36.617633232844945,1.66,1.66,1.56,11.6,6.76651,43.86,4,
25,54.938045,36.086951213010344,2.2,1.55,1.6,9.4,7.43402,42.26,4,
26,55.845,35.56142140512765,2.2,1.83,1.64,8.4,7.9024,40.65,4,
27,58.933195,33.510321638291124,2.56,1.88,1.7,7.5,7.88101,39.05,4,
28,58.6934,32.02486353433834,1.94,1.91,1.75,6.8,7.6398,37.44,4,
29,63.546,31.539646643386497,2.033,1.9,1.75,6.2,7.72638,35.84,4,
30,65.38,34.01549392577856,2.223,1.65,1.66,5.75,9.394199,34.23,4,
31,69.723,27.391349473509784,2.419,1.81,1.82,8.12,5.999301,32.63,4,
32,72.63,39.349206157239216,2.618,2.01,2.02,5.84,7.89943,31.02,4,
33,74.9216,26.521848780380633,2.816,2.18,2.2,4.31,9.7886,29.42,4,1.85
34,78.96,28.730912014629848,3.014,2.55,2.48,3.77,9.75239,27.81,4,1.9
35,79.904,26.521848780380633,3.219,2.96,2.74,3.05,11.8138,26.21,4,1.85
36,83.798,34.525717894252985,2.91,3.0,,2.4844,13.99961,24.6,4,
37,85.4678,116.52429789310379,0.312,0.82,0.89,47.24,4.177128,60.22,5,
38,87.62,64.6675861902533,0.721,0.95,0.99,23.5,5.69485,58.61,5,
39,88.90585,52.30612700392205,0.65,1.22,1.11,22.7,6.2173,57.01,5,
40,91.224,46.4518696249224,0.9,1.33,1.22,17.9,6.6339,55.4,5,
41,92.90638,43.396838320914526,1.42,1.6,1.23,15.7,6.75885,53.8,5,
42,95.96,42.80236940384143,1.15,2.16,1.3,12.8,7.09243,52.19,5,
43,98.0,42.21335429161499,,1.9,1.36,11.4,7.28,50.59,5,
44,101.07,40.47878045660315,,2.2,1.42,9.6,7.3605,48.98,5,
45,102.9055,38.79238608652677,,2.28,1.45,8.6,7.4589,47.38,5,
46,106.42,38.79238608652677,,2.2,1.35,4.8,8.3369,45.77,5,
47,107.8682,39.349206157239216,1.826,1.93,1.42,6.78,7.57623,44.17,5,
48,112.411,43.396838320914526,1.978,1.69,1.46,7.36,8.99382,42.56,5,
49,114.818,30.11345154325103,2.138,1.78,1.49,10.2,5.78636,40.96,5,
50,118.71,42.80236940384143,2.298,1.96,1.72,7.84,7.34392,39.35,5,
51,121.76,36.617633232844945,2.458,2.05,1.82,6.6,8.60839,37.75,5,
52,127.6,36.617633232844945,2.618,2.1,2.01,5.5,9.0096,36.14,5,
53,126.90447,32.51503157531224,2.778,2.66,2.21,5.35,10.45126,34.54,5,
54,131.293,42.21335429161499,2.34,2.6,,4.044,12.12984,32.93,5,
55,132.9054519,169.03279372939954,0.22,0.79,0.86,59.42,3.893905,77.25,6,
56,137.327,80.62931893517884,0.651,0.89,0.97,39.7,5.211664,76.0,6,
57,138.90547,60.104561090990885,,1.1,1.08,31.1,5.5769,74.75,6,
58,140.116,59.36557891185266,,1.12,,29.6,5.5387,73.49,6,
59,140.90765,57.90583579096705,,1.13,,28.2,5.473,72.24,6,
60,144.242,57.185024583737224,,1.14,,31.4,5.525,70.99,6,
61,145.0,56.47022010166103,,,,30.1,5.582,69.74,6,
62,150.36,55.05853078200474,,1.17,,28.8,5.6437,68.49,6,
63,151.964,54.36159567894218,,,,27.7,5.67038,67.23,6,
64,157.25,53.670566770068355,,1.2,,23.5,6.1498,65.98,6,
65,158.92535,52.98541892264207,,,,25.5,5.8638,64.73,6,
66,162.5,51.63266588116713,,1.22,,24.5,5.9389,63.48,6,
67,164.93032,50.965010421636,,1.23,,23.6,6.0215,62.23,6,
68,167.259,50.30313549258751,,1.24,,22.7,6.1077,60.97,6,
69,168.93421,48.996626694973415,,1.25,,21.8,6.18431,59.72,6,
70,173.054,48.35194256092534,,,,20.9,6.25416,58.47,6,
71,174.9668,47.079589158641085,,1.27,,21.9,5.42586,57.22,6,
72,178.49,46.4518696249224,,1.3,1.23,16.2,6.82507,55.97,6,
73,180.94788,45.82975469249774,,1.5,1.33,13.1,7.54957,54.71,6,
74,183.84,43.396838320914526,0.98,2.36,1.4,11.1,7.86403,53.46,6,
75,186.207,42.21335429161499,,1.9,1.46,9.7,7.83352,52.21,6,
76,190.23,42.21335429161499,,2.2,1.52,8.5,8.43823,50.96,6,
77,192.217,40.47878045660315,,2.2,1.55,7.6,8.96702,49.71,6,
78,195.084,40.47878045660315,,2.28,1.44,6.5,8.9588,48.45,6,
79,196.966569,41.05158495073708,,2.54,1.42,5.8,9.22553,47.2,6,
80,200.59,46.4518696249224,2.195,2.0,1.44,5.02,10.4375,45.95,6,
81,204.38,31.539646643386497,2.246,1.62,1.44,7.6,6.108194,44.7,6,
82,207.2,34.525717894252985,2.291,2.33,1.55,7.01,7.41663,43.45,6,
83,208.9804,37.15349259737265,2.342,2.02,1.67,7.4,7.2855,42.19,6,
84,210.0,32.02486353433834,,2.0,1.76,6.8,8.414,40.94,6,
85,210.0,34.525717894252985,,2.2,1.9,6.0,,39.69,6,
86,222.0,44.6022381005655,,,,5.3,10.7485,38.44,6,
87,223.0,176.53317863823696,,0.7,,48.6,4.072741,75.59,7,
88,226.0,94.93971329525185,,0.9,,38.3,5.278423,74.34,7,
89,227.0,63.1218136961418,,1.1,,32.1,5.17,73.09,7,
90,232.03806,61.60087235036427,,1.3,,32.1,6.3067,71.83,7,
91,231.03588,60.104561090990885,,1.5,,25.4,5.89,70.58,7,
92,238.02891,58.632678856091815,,1.38,,24.9,6.1941,69.33,7,
93,237.0,57.185024583737224,,1.36,,24.8,6.2657,68.08,7,
94,244.0,60.104561090990885,,1.28,,24.5,6.026,66.83,7,
95,243.0,60.84965052624766,,1.3,,23.3,5.9738,65.57,7,
96,247.0,61.60087235036427,,1.3,,23.0,5.9914,64.32,7,
97,247.0,60.84965052624766,,1.3,,22.7,6.1979,63.07,7,
98,251.0,61.60087235036427,,1.3,,20.5,6.2817,61.82,7,
99,252.0,61.60087235036427,,1.3,,19.7,6.42,60.57,7,
100,257.0,61.60087235036427,,1.3,,23.8,6.5,59.31,7,
101,258.0,62.35825169608189,,1.3,,18.2,6.58,58.06,7,
102,259.0,62.35825169608189,,1.3,,16.4,6.65,56.81,7,
103,262.0,62.35825169608189,,,,,4.9,55.56,7,
104,261.0,,,,,,6.0,,7,
105,262.0,,,,,,,,7,
106,266.0,,,,,,,,7,
107,264.0,,,,,,,,7,
108,269.0,,,,,,,,7,
109,268.0,,,,,,,,7,
110,271.0,,,,,,,,7,
111,,,,,,,,,7,
112,,,,,,4.06,,,7,
113,,,,,,,,,7,
114,,,,,,4.59,,,7,
115,,,,,,,,,7,
116,,,,,,,,,7,
117,,,,,,,,,7,
118,,,,,,,,,7,
